"id","pre","post"
1,0.161453365200606,0.497627493864047
2,0.332337286932708,0.593114518428172
3,0.257167546753808,0.450016877409311
4,0.434009697374231,0.771757101584296
5,0.248631190905944,0.575086367495913
6,0.735512136268253,0.680356463627774
7,0.36486502030755,0.757946247690865
8,0.108667747026218,0.443915939956571
9,0.208548961070048,0.631096256726865
10,0.421130891745618,0.64867805315076
11,0.192629755737467,0.557947662525126
12,0.0734477238551712,0.337947691606173
13,0.475979014661235,0.513208601532147
14,0.166309988978624,0.524531483307658
15,0.237368264366109,0.444419597236228
16,0.146279992375117,0.514755255951811
17,0.276621584472557,0.656711998805638
18,0.262097774951152,0.525758246126198
19,0.0995506722948148,0.500803637391933
20,0.569575196605844,0.642303976528557
21,0.290294843671233,0.606243790509738
22,0.396362345399653,0.616358125307463
23,0.195061714891062,0.441152576765408
24,0.380603818755958,0.612975593754763
25,0.218052139334936,0.402876829590035
26,0.604838222081997,0.893037554780124
27,0.196774176284216,0.441572988509779
28,0.221976755960616,0.302222384150056
29,0.56095979374831,0.627001340021293
30,0.174241515114794,0.518531310411407
31,0.372965801568542,0.725330945009664
32,0.189699460360103,0.437176938826795
33,0.118510012695036,0.227443533102033
34,0.355512342245924,0.590902882915498
35,0.554258451606253,0.923772551719062
36,0.12012692887991,0.345405783617661
37,0.376150436244967,0.550238698445147
38,0.418718661764159,0.637043021565495
39,0.201682692606794,0.485038476625591
40,0.180581268823589,0.329278989846967
41,0.0783135149936435,0.331833658901171
42,0.231325861850867,0.47713462673729
43,0.363870069304643,0.568979142896358
44,0.618117556976478,0.749887070730316
45,0.28471045561437,0.391327488862893
46,0.43456026330184,0.696210952629133
47,0.331155009790324,0.74767565722269
48,0.393428588718615,0.590279555063689
49,0.220000144172527,0.503688240150249
50,0.396626234583337,0.708951381298558
51,0.241142857211224,0.563147856076112
52,0.0219106151041226,0.658555805878134
53,0.142597232813825,0.420464267788348
54,0.17034211520494,0.391359144554636
55,0.15079910701261,0.565161811991129
56,0.318977986893276,0.665728402625976
57,0.297454500641306,0.476311696084712
58,0.465721679397919,0.770839057731502
59,0.277643606522632,0.531356047357868
60,0.499549453662142,0.653285470820309
61,0.457523376020074,0.799181662423152
62,0.320160926278906,0.671780793132276
63,0.436950014285473,0.669211731163676
64,0.463320453491557,0.554876356842911
65,0.524570125473629,0.801009970320386
66,0.371807062944938,0.687180675024962
67,0.257604777389584,0.563617954792027
68,0.36121428726603,0.615750898285677
69,0.259035644347589,0.460851395984831
70,0.122834374966791,0.469570331753437
71,0.213262746884309,0.682729809413819
72,0.19962615712171,0.602782246375572
73,0.644060327667511,0.805055561668024
74,0.239309632583608,0.55974183439373
75,0.498379457279312,0.717111920726313
76,0.173819780233134,0.496275814217515
77,0.259720989433584,0.690776177787084
78,0.188288855865397,0.47912990270106
79,0.428176387520014,0.635122001548666
80,0.217604955006326,0.483998945074278
81,0.234669937977732,0.697130549803086
82,0.375932868947979,0.737644738761862
83,0.17654760290729,0.369722486188049
84,0.514334628181579,0.809105484968585
85,0.602705762795233,0.73049088531007
86,0.0720528228258989,0.43521961871044
87,0.228194749648821,0.352657883203151
88,0.0291012041390351,0.533390654933235
89,0.166514467084997,0.466700054166204
90,0.345555807518247,0.742118141162711
91,0.536421233756161,0.836290366919758
92,0.0663911382853144,0.454100853076386
93,0.462287538799323,0.677437049510417
94,0.451799165669784,0.761655606986311
95,0.130296161304163,0.626566642946005
96,0.0438033722598524,0.301253803534787
97,0.0428104099252563,0.729118139073246
98,0.277391400278887,0.699962485996558
99,0.28875234473857,0.503768914870803
100,0.24921643489161,0.756304048722517
101,0.323511900467443,0.573331806150859
102,0.180856874824197,0.276816166584991
103,0.339927678560904,0.682054441501424
104,0.0451354460421506,0.438176223229501
105,0.333390332534854,0.547477056874596
106,0.345013259515358,0.659566797928127
107,0.545641318967882,0.802284034095248
108,0.184348578027727,0.567326410368785
109,0.174721884124818,0.511957892527117
110,0.137979576133435,0.515284653742035
111,0.174167909997599,0.589774962502082
112,0.595845488828046,0.553484188758596
113,0.235433168235971,0.454258134284704
114,0.24508558583191,0.49944631975133
115,0.494012274146478,0.575383605235836
116,0.437448696543943,0.728003221869138
117,0.200241301116225,0.436897048229298
118,0.317767357524971,0.54776027080658
119,0.667677230128804,0.709411999083447
120,0.395543491094966,0.577331288077514
121,0.499873554969657,0.626394722083019
122,0.221768563272254,0.470869935249072
123,0.168224429260893,0.594417295913697
124,0.0991380447408142,0.411747226419502
125,0.156554278563242,0.374293754182101
126,0.141027241870027,0.767490811581812
127,0.177038507745631,0.294763407451733
128,0.084557940727841,0.54645139354135
129,0.109549279141677,0.436451718604083
130,0.0244733792217339,0.425850834415613
131,0.527460500508415,0.757556574901619
132,0.436622574406123,0.80686373248161
133,0.401442126893856,0.671185279416197
134,0.194374553078876,0.573446441884309
135,0.234327264750355,0.439987190750628
136,0.374752124994883,0.883689171657548
137,0.398108437610444,0.594605249212295
138,0.52206641276613,0.753636403952613
139,0.396790647716803,0.567408841750296
140,0.0248255610831546,0.472834892855208
141,0.62098617636013,0.886561015227286
142,0.253046851411817,0.614387355316382
143,0.0822541743567437,0.304687989705463
144,0.873380932406012,1.13878056707039
145,0.289319697058632,0.548148918890582
146,0.116874416570983,0.415519406396852
147,0.348321216850683,0.577694638376891
148,0.0980540322201883,0.501985192901216
149,0.44777571801428,0.652104125593487
150,0.362403807120435,0.611214099876422
151,0.172260910509177,0.364966280978595
152,0.14398597092047,0.551637044916056
153,0.611805099612395,0.689675511480753
154,0.334948387216757,0.705106207572085
155,0.142495006521934,0.460898369330589
156,0.146438529008618,0.614889920678591
157,0.293875053397835,0.502053854336506
158,0.0836339100496737,0.375325630950944
159,0.787079210118173,0.738643204275611
160,0.0965684149506661,0.499362966465597
161,0.210639282207802,0.793979672114696
162,0.162598998020869,0.665605863952937
163,0.3563274892961,0.635661717433612
164,0.200934312609327,0.502741474505382
165,0.419899649218597,0.696354990311979
166,0.109237306507338,0.608194755479706
167,0.634716956028019,0.745008645553501
168,0.153182501375829,0.470265148572939
169,0.145176026916416,0.504470502726096
170,0.406626356682692,0.637004600863898
171,0.142085899661068,0.470385491784626
172,0.255513770970542,0.611737186681492
173,0.122261881894503,0.391253836739134
174,0.201764224911868,0.687828734109802
175,0.549006028458187,0.706329742592443
176,0.440137146560177,0.707271641156301
177,0.206905998332153,0.580348716389972
178,0.0550286587572543,0.510189017368678
179,0.329626314781354,0.659301780271024
180,0.278923362422122,0.700095930894875
181,0.44704926467039,0.827309256221074
182,0.362661676823178,0.78500337277081
183,0.30115697523037,0.526449054814262
184,0.0851246899240161,0.41286784964384
185,0.333533601667494,0.334672007632755
186,0.262027987924123,0.601991760826069
187,0.0553851849869593,0.450194603913129
188,0.0993821803816502,0.638975858730268
189,0.155960638433233,0.78308487287039
190,0.153958709454451,0.494643281804814
191,0.141019335237748,0.470414302461652
192,0.118546505290609,0.652464789246879
193,0.133675209344676,0.491340793788728
194,0.330912297622573,0.699212444696552
195,0.295071234303473,0.811816561497775
196,0.311892653553326,0.613943754506152
197,0.54246873938438,0.894616699129063
198,0.136911190445049,0.397114473825241
199,0.432534967837845,0.634985112402635
200,0.153847735614275,0.3497866272856
201,0.249987839248845,0.479803361279916
202,0.221635868757054,0.404608967564523
203,0.356592219954225,0.68664029340993
204,0.355923985477816,0.542085412285629
205,0.106029772418634,0.418642016316982
206,0.179958965053486,0.382058695856426
207,0.113272094917862,0.47745823487897
208,0.196473844978256,0.668808831644838
209,0.310800161800972,0.51038690576098
210,0.333095751014986,0.517376977013431
211,0.403010785374077,0.70864152200942
212,0.362945102212127,0.366023797387901
213,0.562162474426789,0.735303969173975
214,0.281571848404447,0.487630092545488
215,0.122850912942634,0.459343668959014
216,0.170081867571756,0.336807601221328
217,0.327672660984207,0.505729867844872
218,0.457387860624595,0.522746893822949
219,0.233878242302865,0.518453034060619
220,0.258195657835259,0.64649860880924
221,0.500978186231081,0.599555205631556
222,0.145085076359973,0.47350952192193
223,0.311556371761924,0.539631139247463
224,0.430824547053254,0.571597929430749
225,0.165067908475252,0.314514775772255
226,0.349245526412383,0.551559848278811
227,0.0907831856946863,0.526389509496109
228,0.467232847025922,0.697613798304326
229,0.406244238310934,0.665635981227296
230,0.11035814911328,0.35794329661037
231,0.302647473120435,0.522783134536916
232,0.169446579180675,0.375377760895585
233,0.108827358977895,0.522653560941098
234,0.323499484939261,0.622082660006115
235,0.193540975659649,0.433146648149473
236,0.47737270340103,0.628905834040149
237,0.122860990890538,0.335700104699312
238,0.0756121229370643,0.549587071002882
239,0.309685237680098,0.533903220567755
240,0.190128694281335,0.274523471545539
241,0.142416380595729,0.422627011948268
242,0.140095096643843,0.574479411763624
243,0.144289952103229,0.560753915049072
244,0.259576647418001,0.557951152182838
245,0.0689552825389131,0.425800219981462
246,0.184761925794669,0.682775086360521
247,0.396394132623988,0.599300831303063
248,0.258231481020102,0.689841573717198
249,0.348571671156975,0.73789048819214
250,0.572409696186284,0.779096638078541
251,0.138277685780105,0.429852530062667
252,0.334156543090979,0.524664287159437
253,0.451831531359804,0.524889990558221
254,0.0189613419387418,0.41616870877164
255,0.266576215086528,0.497561557635905
256,0.167546380032839,0.681397761426487
257,0.726878026520066,0.803465296674398
258,0.195562267266508,0.648833408739036
259,0.351063262773237,0.78012521017438
260,0.018015053233865,0.442178384956675
261,0.144774426681729,0.615830602974374
262,0.175977191755807,0.527741641175409
263,0.280327345099143,0.686974622520341
264,0.165629323320102,0.668506728316775
265,0.143298647881916,0.341920355538019
266,0.451826138742614,0.724357376481412
267,0.179492511568758,0.401171415738229
268,0.380595651393446,0.456153570893011
269,0.463350354062109,0.58639540361563
270,0.266121177893366,0.573443516939802
271,0.489417031349451,0.682887081938394
272,0.456713201522154,0.583207207958521
273,0.227182597490219,0.58402861381758
274,0.049058243921622,0.511270565757948
275,0.140510393519619,0.289187162861653
276,0.359000192121064,0.56594707997596
277,0.312125876723622,0.638303321590268
278,0.197761537806556,0.620410195208874
279,0.0706807704361681,0.400089334396764
280,0.24933118518178,0.49205175724394
281,0.0408035420378568,0.659756281239179
282,0.417955082511552,0.616884326863412
283,0.0751890941808265,0.504133325359386
284,0.324114609971728,0.688153001884195
285,0.485554457975497,0.589493317574244
286,0.185546431245718,0.524463449757785
287,0.364965039525149,0.580949108559743
288,0.505365719902596,1.02351974005064
289,0.676900697415717,0.968613272867894
290,0.779363723712833,0.870805033794541
291,0.247728317532877,0.479792597906173
292,0.265622786417943,0.243711773284638
293,0.139420064531311,0.270437082475037
294,0.104851468954576,0.324701385786973
295,0.483369156963213,0.752021606481092
296,0.183775683836451,0.721967609902631
297,0.310846894943155,0.502271007941617
298,0.445488036707189,0.528562240418653
299,0.449408675689667,0.747301491487075
300,0.354501878756567,0.748985109199719
301,0.303480149388385,0.495747425104462
302,0.284851033181936,0.662277487955523
303,0.31000891563734,0.590968842977331
304,0.501711088499898,0.923976833227823
305,0.0835449941305836,0.509416648235814
306,0.332851752962171,0.670096518287532
307,0.201979384488669,0.550274200582255
308,0.597021955731689,0.746134648660607
309,0.111521854394672,0.410995069925625
310,0.161374201961981,0.495451298269165
311,0.40407723750159,0.586614772138922
312,0.0712893407834761,0.368781358105671
313,0.395509207064057,0.67763355128454
314,0.161963304581042,0.465767712571575
315,0.402190200806313,0.697547756333781
316,0.0267871389486557,0.585767223663491
317,0.263949513864265,0.523336128199934
318,0.425795666478132,0.668177901738143
319,0.16885856503905,0.487346585308465
320,0.25677404924291,0.452832829761524
321,0.309165982365786,0.389415972893615
322,0.324004325197052,0.565449489098853
323,0.602077543367129,0.798318408524006
324,0.126163591419072,0.603465781214529
325,0.0317889250856893,0.380074413017922
326,0.421549449025106,0.535446394519772
327,0.256886084455997,0.670235647864374
328,0.593174488508891,0.746965573741471
329,0.293847361778514,0.587382063739978
330,0.0253607283568234,0.407144990759908
331,0.536238342084403,0.649255458481487
332,0.0999270800093159,0.441962939671401
333,0.375331936549147,0.839505817661041
334,0.442931225259739,0.683249365719403
335,0.20483157690712,0.65450233086568
336,0.481244873910154,0.811814833449117
337,0.0948394452531692,0.408115134553438
338,0.328857320189718,0.733846507826429
339,0.329455325352751,0.452141500858124
340,0.180152088918317,0.512288483815173
341,0.377742908219913,0.604470537055444
342,0.304591115733843,0.787278595723716
343,0.0728768033359752,0.425063899413075
344,0.127927061486443,0.388777928813833
345,0.236569408230197,0.625866599703952
346,0.335860865493567,0.662869041879241
347,0.178982101727233,0.415510884902033
348,0.230022420176153,0.317743212312498
349,0.233680707990729,0.691834214401646
350,0.0122264795336298,0.22298700805115
351,0.584014665288858,0.879302224121682
352,0.181084622061299,0.434775809306491
353,0.196583186656437,0.520506008064404
354,0.116918103313992,0.508952003940963
355,0.303118995379675,0.613720894781985
356,0.297935867165064,0.620586134203041
357,0.371678266488672,0.705191636825069
358,0.26029929920681,0.73035714801081
359,0.171794123766987,0.429821461397597
360,0.395305094905843,0.669483757913007
361,0.138880246437118,0.456274726822717
362,0.129499481260019,0.475830976301723
363,0.235382769428588,0.405632168973311
364,0.217776815662543,0.615484722377387
365,0.165562249336491,0.475798419800776
366,0.326993609554323,0.555462306209884
367,0.127478411130778,0.429147311060455
368,0.185967473330668,0.605963828627865
369,0.353828575756214,0.857626537196496
370,0.729850107134662,0.780461021164125
371,0.240323596480363,0.658783676693973
372,0.026892904938672,0.455120727675347
373,0.176143620394995,0.437632743620453
374,0.513318603256087,0.71409135684214
375,0.234006302825032,0.77330006494111
376,0.200828801964178,0.517507210683977
377,0.216818686137516,0.724054825338244
378,0.269368745856501,0.675841660665712
379,0.305192399309048,0.761990983950183
380,0.355395334204103,0.634100608468179
381,0.623040126665653,0.618916937911274
382,0.252523890475473,0.637470374583536
383,0.189795212499887,0.335472604938525
384,0.317464867373918,0.324529892626093
385,0.138620085840662,0.415874244421875
386,0.0351169672569524,0.506822458893383
387,0.355091041214157,0.588605599574493
388,0.704566276867849,0.69611024967594
389,0.0523147950077704,0.46240636161171
390,0.182282346746306,0.553428557855781
391,0.171359317225209,0.570381444957312
392,0.0235935353033914,0.305683048470079
393,0.442699778458618,0.777015375915894
394,0.0737487226012005,0.439481345289869
395,0.446632847151514,0.802837565992878
396,0.423677268163065,0.612366559471891
397,0.232683079856369,0.793590114450305
398,0.325391393665251,0.545403131747374
399,0.419471191620871,0.702703914693864
400,0.0617833788378153,0.455997474893306
401,0.475620448745638,0.831498889660078
402,0.0810375423202607,0.453579122121488
403,0.286444229766314,0.668539792010521
404,0.316143970560025,0.660119213004081
405,0.270583166681373,0.561356758057594
406,0.207126076677252,0.595566621353891
407,0.167139348763505,0.374812997074019
408,0.269295559743794,0.562994191668223
409,0.422474225325195,0.772127850489871
410,0.387379226159212,0.538025225842551
411,0.248042725706587,0.507859503646325
412,0.486643986323906,0.655654852010427
413,0.486718642208305,0.758440240913095
414,0.329420156577739,0.557127072201331
415,0.436007694437837,0.528525918045512
416,0.214233596967503,0.531378326648058
417,0.170058794579687,0.363667505875689
418,0.38356720939737,0.632604204398766
419,0.468411154516039,0.680687096935317
420,0.315093735463654,0.694311799357772
421,0.198273463209115,0.422945330552953
422,0.546801125202587,0.826497237740826
423,0.24325710569501,0.415054232514128
424,0.299502243181784,0.334970350760333
425,0.397383551883304,0.6103380137202
426,0.28547076876284,0.464082185982382
427,0.476900486840641,0.680992860555706
428,0.1268066957007,0.625362521817812
429,0.240326594637217,0.754022730437689
430,0.13362620370014,0.602545082145113
431,0.475990855969601,0.497699639560687
432,0.0536349545473223,0.52129395749901
433,0.329156359452156,0.92874381085127
434,0.136520621554055,0.558020734362356
435,0.314664266027599,0.627800611223219
436,0.244259784837592,0.494631990480905
437,0.209438165035987,0.661500845412454
438,0.153869215633551,0.439608424757552
439,0.452374035651047,0.627346617387827
440,0.251875449778279,0.317865825665617
441,0.27947893423558,0.475796967007404
442,0.267676063700586,0.632599904017787
443,0.296075150607551,0.663719654896462
444,0.615667002910686,0.785981982939998
445,0.142458080447036,0.570785200888953
446,0.16131965513262,0.336663492358116
447,0.0800084603797585,0.44196557853512
448,0.140239920911899,0.372390224011605
449,0.207615215556038,0.502889422748801
450,0.21152565857344,0.720050484635111
451,0.448787999671231,0.789480414586338
452,0.280696472014411,0.699584080816735
453,0.146526255545964,0.319599846983239
454,0.0789557954384874,0.194358052629919
455,0.424760894681773,0.808139513692997
456,0.400282936641158,0.726386521203786
457,0.489925381602435,0.687532956220194
458,0.249936027132132,0.561322122055096
459,0.272467946875705,0.614437582458928
460,0.0897999133108223,0.471911181856905
461,0.143846599469441,0.506254674504613
462,0.40535034249596,0.636129918997958
463,0.200136265882113,0.456327808167193
464,0.405959877124228,0.377502538116505
465,0.09195601144614,0.512532206092033
466,0.445978914902614,0.563667766148815
467,0.487560683520285,0.691232448308471
468,0.293470600038725,0.469441084994197
469,0.421497664604285,0.657053696713058
470,0.150278106362732,0.485270279685743
471,0.350408363524933,0.681420410514233
472,0.248677847670505,0.617467759922704
473,0.522043128162934,0.915150827688331
474,0.186321929871842,0.587268925951125
475,0.488582038185778,0.81677970560151
476,0.149970731105087,0.617849613465023
477,0.183587617886665,0.522748910705021
478,0.293640978784636,0.557007792326605
479,0.0867206902153432,0.623353668274765
480,0.148055483419045,0.341841179666676
481,0.236086833081099,0.476299543131437
482,0.379663351683012,0.750856733802923
483,0.144171868924086,0.451324763810149
484,0.330416185580152,0.531843227106579
485,0.486341337528211,0.711687190519185
486,0.175829798435948,0.714877751767411
487,0.378370724791197,0.533799094738769
488,0.390279602453324,0.754444277794145
489,0.105478378090655,0.562161157106225
490,0.213187882097374,0.626008375621402
491,0.170488258449191,0.387145252651611
492,0.442383734158781,0.537885211141371
493,0.365057110961727,0.615071054757447
494,0.0547999290792636,0.456582414223242
495,0.0286901163356212,0.397196401948987
496,0.224605137825373,0.535700552320424
497,0.0925127215660615,0.531416900140118
498,0.279928429388877,0.595170563348976
499,0.407431868507055,0.508319989336796
500,0.128788125015797,0.29571497561105
501,0.522218605514,0.883092411009839
502,0.49235981668858,0.689208084409255
503,0.28348304927992,0.543136505545327
504,0.293541237038512,0.558792790208422
505,0.52916882233689,0.425040428139368
506,0.304553057797136,0.58378378905216
507,0.417494652866746,0.723806751042007
508,0.233649862566568,0.684935738712187
509,0.209384650863499,0.329926705105905
510,0.133202766430411,0.479845903154116
511,0.295008967868058,0.579070049123795
512,0.345775388592234,0.675264191728345
513,0.269184915344155,0.699961246382603
514,0.436113235645807,0.680039260506683
515,0.0866777128117799,0.42815198312222
516,0.217920237931139,0.608142123154267
517,0.602268968960998,0.792530733546312
518,0.347373095012494,0.525980394129826
519,0.200107004074914,0.517588529778412
520,0.219466749901617,0.550345233280452
521,0.45779554148816,0.526211988195691
522,0.464557612719123,0.945023898095584
523,0.460418498974857,0.669060887537984
524,0.297673266451112,0.644689402409832
525,0.462197525223797,0.705061120809911
526,0.213153035801808,0.606789731510916
527,0.484190810586315,0.661635439154554
528,0.374525572125745,0.625209435456359
529,0.37525326167761,0.731649500736485
530,0.413558804313152,0.642290579282042
531,0.374249564577523,0.536731089997349
532,0.0415862790493275,0.521203620266058
533,0.311621377781473,0.500495208824163
534,0.0891920222457131,0.459328650310435
535,0.420604830377859,0.867153455199442
536,0.109540740710875,0.372740153886482
537,0.247805803538568,0.417989653122452
538,0.334683372561789,0.768116436233594
539,0.151195876357132,0.483653660292005
540,0.442128826689247,0.584632741451346
541,0.074146906595211,0.495537390290641
542,0.185379063615463,0.695906236793921
543,0.490540177614587,0.554742264386826
544,0.241346622236475,0.47162321513956
545,0.0844514398054848,0.514575108395117
546,0.141346192995401,0.463752095072196
547,0.320952328111712,0.645884009946525
548,0.446671087032997,0.729173311197371
549,0.402360972459195,0.577840615422555
550,0.31630127923342,0.766281459278091
551,0.450132492827417,0.659390360011924
552,0.0981769135548168,0.430447022590568
553,0.613901859448341,0.584699024129788
554,0.245489303507885,0.639267385542211
555,0.114708685261885,0.464198576036789
556,0.294338532188123,0.471229050456379
557,0.235558613595402,0.456750329903336
558,0.256545745822617,0.679862601320935
559,0.16717410171334,0.612789391957635
560,0.137061511717452,0.569073018191039
561,0.524947821960952,0.750704790418296
562,0.21090127067806,0.643693538860787
563,0.107736227697922,0.462177646392299
564,0.498406163275138,0.712179918342551
565,0.403263377270632,0.620139779841352
566,0.312131470794849,0.492365582106902
567,0.0788872567444875,0.447076213838516
568,0.270297224502257,0.528222417395333
569,0.0434392234706392,0.515262736663565
570,0.257440838002363,0.55021224988965
571,0.659502719666763,0.698898397358323
572,0.431701772737846,0.662265862026904
573,0.25853021163182,0.524333078600062
574,0.107589736274412,0.569113268087126
575,0.344515086114801,0.652525043853867
576,0.112186499287237,0.331560598128579
577,0.443170906920423,0.425005194830548
578,0.135943099214112,0.386631708563971
579,0.482182043830062,0.934253694308127
580,0.462942359480704,0.628091787386517
581,0.336912644588515,0.476598120174754
582,0.19817971107588,0.369101191582642
583,0.301975342192918,0.54305366633848
584,0.0919814844899481,0.318758093511386
585,0.513103635887662,0.879562019642521
586,0.319465159578566,0.822484475154456
587,0.06642462542666,0.370184562262243
588,0.554473358363969,0.761050480950116
589,0.320444358214576,0.351186699622668
590,0.363392614645441,0.676961853594191
591,0.166098384729681,0.689678968015711
592,0.0522847125017788,0.501323547824087
593,0.276288213746374,0.535989337867423
594,0.131535017619271,0.510777586244604
595,0.426734673924667,0.770706950574317
596,0.570089610208762,0.656562033077515
597,0.550487683309556,0.881004855070042
598,0.145641337305418,0.251959794370756
599,0.325914372979976,0.584642133312187
600,0.0656235886350459,0.513162771747926
601,0.369729159765183,0.745374221047509
602,0.23122418486798,0.669512591557277
603,0.17100989216834,0.360081786872637
604,0.373997979997193,0.746516730872182
605,0.0668952280672334,0.279998222647713
606,0.257367571231061,0.456957150849099
607,0.350047972618725,0.708374250296658
608,0.65494944974157,0.661494695916473
609,0.020401097956796,0.410069062521556
610,0.0779931593621545,0.332398220243055
611,0.318013388931667,0.578212190012508
612,0.0940138613850893,0.420617581820445
613,0.562153996725043,0.676699675861734
614,0.628678273383287,0.923225027813853
615,0.0660618347424642,0.478957603743648
616,0.172338387266425,0.527489309981677
617,0.480798544237053,0.750683870625425
618,0.172864040908414,0.461320161150847
619,0.329374847059226,0.626544548399858
620,0.31484184975795,0.626313447386004
621,0.449020578457508,0.715481991788255
622,0.249443832419004,0.619318367850822
623,0.503337875610023,0.728930024677496
624,0.512207307605645,0.61473643127825
625,0.597024427259952,0.666465056547593
626,0.123326928967165,0.493541227392672
627,0.0221737800462005,0.507235062956082
628,0.0259766801488209,0.419082552875554
629,0.335188941133389,0.646844624409733
630,0.197993351108998,0.495019816888115
631,0.315693333629054,0.562059569474993
632,0.213139645119324,0.637600332685196
633,0.281346950129267,0.597496362234926
634,0.174563531393332,0.478573705122959
635,0.328248973237392,0.747344390351822
636,0.787348153586153,0.895336796594275
637,0.251738648716362,0.403639767733963
638,0.400865201651809,0.6286931293601
639,0.174450936609774,0.495761094816348
640,0.266223270369303,0.446151219487149
641,0.419429549298201,0.534276328016326
642,0.308429347076957,0.521869753289357
643,0.221690167532945,0.477392206483577
644,0.48645445293179,0.450955010559014
645,0.287410280557619,0.606266285699532
646,0.159624992961251,0.405320860637444
647,0.143610755111155,0.442089201848109
648,0.509125849158485,0.604998528756321
649,0.0287613602578005,0.454606633539196
650,0.0209825069899491,0.290586393680723
651,0.522304421082982,0.788521471120183
652,0.306618363108476,0.547410347402889
653,0.411748668052466,0.422455485026024
654,0.196722482515395,0.522032278457752
655,0.46025628775828,0.801032469936078
656,0.176392521201028,0.5918663505106
657,0.228673448712461,0.610783106395039
658,0.366918567726332,0.620320982644537
659,0.0383961122428119,0.269528490214908
660,0.0457116540910657,0.443094416146468
661,0.270730731074048,0.602860351743814
662,0.105753740278484,0.312182164803152
663,0.35603727759125,0.647367134132697
664,0.340660409790259,0.768574545153556
665,0.268731257195698,0.720171610198606
666,0.346157379547814,0.519355571852418
667,0.254702953651855,0.61563616630963
668,0.633641787253191,0.753934878342859
669,0.389571419378992,0.660623953615293
670,0.588099460521448,0.955710199371497
671,0.247035857733021,0.488038100395701
672,0.608784412465626,0.80226153150183
673,0.131095813176895,0.577290048410575
674,0.187037782862222,0.454846631475162
675,0.34330169855923,0.643623536206614
676,0.612404145866262,0.709003891506278
677,0.461259112390266,0.556007046578092
678,0.217870885203855,0.34509391599308
679,0.0457009463881359,0.292364608821288
680,0.479305135147214,0.648926599157531
681,0.428829549452167,0.630226840657498
682,0.22706671336688,0.333143133206562
683,0.0830526225378123,0.41723488373452
684,0.456649947366066,0.849756914212939
685,0.29271177270316,0.370768340149058
686,0.43237538337928,0.833882859875176
687,0.360242525994917,0.616916571025647
688,0.262802538443792,0.510810590621318
689,0.541348784264027,0.740765650611203
690,0.407424866043265,0.585919882645502
691,0.605144976910886,0.753561609287667
692,0.356354611770703,0.616338344095342
693,0.124843889648468,0.371652465562163
694,0.188656205065263,0.730190911204745
695,0.266076851755915,0.602061082307433
696,0.138482593599105,0.79344332816411
697,0.150483853880298,0.514155774079552
698,0.0380240644167755,0.357505796416683
699,0.212902438066714,0.655897248788077
700,0.27850367555611,0.569427311728295
701,0.486701396502851,0.533171107715261
702,0.245820185955195,0.391132756374773
703,0.427771152300681,0.544718072092664
704,0.617216204442086,0.776301395696618
705,0.0708870803877261,0.484003669790984
706,0.476112550823479,0.638118017892663
707,0.382717349403032,0.642857874297933
708,0.481825722385504,0.710310344795719
709,0.345774711533366,0.544100893753242
710,0.0803564432643689,0.493175774196684
711,0.114869606936956,0.332510239391497
712,0.0990933565033397,0.455148578019019
713,0.264845428476601,0.531362565505148
714,0.580676077734928,0.803828053876065
715,0.0687221134609705,0.52431043507017
716,0.172147026518319,0.519068889108361
717,0.113565173768197,0.504944696939907
718,0.306354110940116,0.708935446204625
719,0.472513752279491,0.875311963930205
720,0.0293502452190011,0.343990377730079
721,0.242571725902334,0.48623411496935
722,0.68512989775097,0.834783096988
723,0.465326708432677,0.700419105797878
724,0.220708640623943,0.639942504308754
725,0.514399815044071,0.60209480449561
726,0.234156302397771,0.484361491412248
727,0.492188292858845,0.585533050078806
728,0.357615339273073,0.75238616550042
729,0.343192650807809,0.432906743874031
730,0.0691002476906249,0.474518163591199
731,0.213196712985847,0.385616579020912
732,0.319471129874771,0.803995467477537
733,0.540388254147453,0.730089599362994
734,0.435015855618853,0.604447671942556
735,0.162355164740505,0.587327462701956
736,0.384437103997613,0.614157079141252
737,0.487106011656724,0.583145467368021
738,0.225787175638599,0.517593049948766
739,0.522340792276619,0.91360387657451
740,0.377918122190614,0.583239766602199
741,0.447148265823427,0.700816894527072
742,0.239650674374515,0.386080213054914
743,0.173330577254559,0.576317432509849
744,0.338661322651308,0.515599806980094
745,0.170341650418471,0.506191547700342
746,0.0328207366338138,0.522902577292252
747,0.424321586620067,0.56030626625751
748,0.316862613573141,0.544815560148503
749,0.400681066626168,0.738017637286286
750,0.148539581757588,0.548579769382379
751,0.588992186967433,0.70000035043975
752,0.215640708757318,0.574277029644584
753,0.366554293159901,0.600031243932274
754,0.17644667525093,0.650719143864889
755,0.00535271657410096,0.272013214577996
756,0.484944778555829,0.82966663804422
757,0.335430858931076,0.599352457161392
758,0.155997521681282,0.609141569327699
759,0.0516946767095863,0.403575507001262
760,0.18806194802429,0.745014012124005
761,0.328850134002018,0.640249821459332
762,0.296150800676586,0.649713905134815
763,0.419599696063035,0.975148103702773
764,0.257616348688028,0.58187352675365
765,0.53492658267419,0.858442704451856
766,0.578827970093862,0.566715738512805
767,0.466930376853232,0.524748373752791
768,0.397683969588533,0.677254099414007
769,0.498656737417846,0.836704159425531
770,0.174167133192974,0.479395725338659
771,0.101251292501579,0.614911649810632
772,0.181084877610307,0.515504238796636
773,0.244202482161246,0.691504653422263
774,0.604384094690895,0.853618581485948
775,0.54212489703863,0.733754032339877
776,0.182473090533466,0.621112504418447
777,0.0858420847712894,0.569497992179177
778,0.408023830499666,0.675866841701114
779,0.0222204215255531,0.367710811269967
780,0.364922064487255,0.761504036122935
781,0.365955649485756,0.630728227589655
782,0.489550164242116,0.588964882579866
783,0.275719336710733,0.51591547669647
784,0.196629793744492,0.587411728580157
785,0.282061854754118,0.583454083023473
786,0.0620105182215918,0.522660216756182
787,0.230927002367353,0.740633665652772
788,0.558705550894384,0.74276878298003
789,0.518113359120615,0.712621947354852
790,0.341637516763203,0.820098708606543
791,0.302045433281482,0.549426432761396
792,0.131411426024148,0.50330142542008
793,0.337088300491161,0.615020101272853
794,0.246974319299536,0.542829149666027
795,0.431482853798203,0.573072517620611
796,0.0960654780249613,0.530633953045922
797,0.029401188415837,0.259277154998795
798,0.355948274337904,0.650123714183684
799,0.159350865347563,0.574130329541013
800,0.219259150527322,0.445808686307144
801,0.442163103542861,0.735001302282437
802,0.320717162139931,0.545187760593275
803,0.425218662114573,0.654316438254027
804,0.198425501484231,0.491944330202174
805,0.140367402020409,0.586802618319041
806,0.450995586775596,0.733041389530465
807,0.5439381158783,0.69210047946085
808,0.436050876657072,0.58652200807551
809,0.525345828168094,0.663501277839314
810,0.0334681592489594,0.300578968470445
811,0.402280480308762,0.560021006748865
812,0.610015972852426,0.720178239805063
813,0.270692094166895,0.508038448169956
814,0.141786400874361,0.273010120643507
815,0.179128366568224,0.527995141311354
816,0.129144356209211,0.512893046315329
817,0.0414671092075756,0.626237447252475
818,0.151762060319522,0.498967360693063
819,0.223521915837218,0.688541039836133
820,0.24204058369644,0.631132579055889
821,0.526161152256365,0.792096914179812
822,0.401966870891135,0.70161237549005
823,0.31154232249036,0.593234837841169
824,0.168480400200744,0.462472513221113
825,0.503195087312671,0.864396690428552
826,0.0663847334113356,0.378613853873573
827,0.203589723865042,0.716443000176777
828,0.0695297998637923,0.596250501895089
829,0.742110931141346,0.769096008165396
830,0.603749162976953,0.868176910973429
831,0.13003850103936,0.587608660956727
832,0.103651064744203,0.357198969004174
833,0.602725274364261,0.828154998166149
834,0.655925344062486,0.911035682571869
835,0.341007092379942,0.788086737177096
836,0.331745855145447,0.524342686554256
837,0.589286950379501,0.799517153173874
838,0.325980950000541,0.391003842850829
839,0.275657050054606,0.417749991438428
840,0.079755842886509,0.441294028487886
841,0.587702131948915,0.796174850519766
842,0.690568016398873,1.05088182368129
843,0.393018404301716,0.552698422370244
844,0.15833645882449,0.461699373182172
845,0.115956673954951,0.529974437695993
846,0.401658198800321,0.550191678874665
847,0.247866752035425,0.537098519886484
848,0.200401098084383,0.571665628908817
849,0.330961239671746,0.551374006085604
850,0.438059896675164,0.534745994056781
851,0.0416132059369479,0.533646387318048
852,0.148304069715598,0.597296199619144
853,0.0857560953799897,0.465669786282379
854,0.375010338108812,0.572368626911317
855,0.307477937868267,0.659706735097152
856,0.1934059556608,0.303813047725156
857,0.343224597890301,0.580284460070579
858,0.19871958757598,0.546363875758762
859,0.230185840887617,0.643359052103724
860,0.351765214151841,0.736380875050894
861,0.169320959791946,0.688674088332911
862,0.126703529588457,0.413480883631777
863,0.129187052638892,0.578488929528631
864,0.233029844402287,0.653986308679874
865,0.2702537607423,0.625432424456692
866,0.53944398026858,0.813936553645017
867,0.56686809713439,0.817645369678748
868,0.252671458776011,0.479492293006352
869,0.394997295134196,0.902697695553928
870,0.438546194132317,0.481230395886797
871,0.033698002056352,0.465929078983229
872,0.420337774685336,0.622703334653069
873,0.0822873079774443,0.471104843408743
874,0.385087357310245,0.736376585609492
875,0.425568601451931,0.761391071512737
876,0.439528569740143,0.740387965794479
877,0.115566067732873,0.510152409768033
878,0.268929442666408,0.687886634395363
879,0.405905710687311,0.630123183439306
880,0.117755127200217,0.481325916771321
881,0.723959001940768,0.905397699808853
882,0.417291667374814,0.805779267227389
883,0.256994506960442,0.37130586878693
884,0.167507086502615,0.485239136040084
885,0.340349878274102,0.527340920015847
886,0.381069595501612,0.680594474954908
887,0.23736752749145,0.594968947378784
888,0.291788577071625,0.460218225783088
889,0.185847087382764,0.659853022031661
890,0.0971579287413051,0.278884195132175
891,0.067635998764483,0.393373633312057
892,0.570611507598986,0.819706413622366
893,0.131705751164281,0.278829655811522
894,0.503562431648801,0.720199072770398
895,0.315905588942854,0.587796620720779
896,0.730033775111071,0.960620911346419
897,0.119510087376495,0.705455413671219
898,0.239247572378581,0.497889092002426
899,0.160213752914506,0.539937562946465
900,0.190107957465013,0.671761982756461
901,0.29266115404683,0.737762140337351
902,0.151533602763658,0.503121014949868
903,0.194852345546693,0.535967421426733
904,0.470073298174004,0.733410032663939
905,0.338592465626521,0.631264515303891
906,0.157453205729368,0.502651829928675
907,0.468166960476372,0.633600964792068
908,0.168859657995741,0.44249858743842
909,0.0556472387798589,0.543784090360745
910,0.0921940511021365,0.36974844329344
911,0.0932472440735268,0.462578710515455
912,0.161087609682926,0.720621966988938
913,0.451759504089645,0.712923600439258
914,0.373799097603548,0.355436070154493
915,0.299330431552999,0.485227891736689
916,0.21812095480294,0.319661529850306
917,0.32504156238697,0.63279255520358
918,0.341235490847649,0.567044468399947
919,0.193503626328043,0.541882329595132
920,0.359580357660577,0.602325470562592
921,0.393213069366012,0.720872266049604
922,0.246339942169994,0.722456819164653
923,0.395101746800248,0.86899204700708
924,0.0814960179220846,0.472805266417548
925,0.217101124041968,0.529214317396567
926,0.543231839213769,0.788972588891387
927,0.246077475251007,0.723863176501748
928,0.167512766333212,0.620950779424144
929,0.129700729243237,0.401975019376358
930,0.249895982422939,0.630527775005366
931,0.124890706651443,0.512617956730859
932,0.498387124962429,0.700422901961779
933,0.203405061226881,0.563539545485803
934,0.0811319836677495,0.394453216732893
935,0.403927226843355,0.562119608463709
936,0.437238150977014,0.733481945108696
937,0.368266998159942,0.427157206077777
938,0.388441288209698,0.731554869293516
939,0.328036622142121,0.637945427306197
940,0.334120657919409,0.598823709420207
941,0.0488298445369766,0.43696334149024
942,0.337011372681714,0.533337905472134
943,0.102649921362504,0.591355542166381
944,0.405605623318407,0.499253946075324
945,0.403559463213464,0.408928905660257
946,0.467085164885658,0.615706873762668
947,0.211407690552182,0.398813479822397
948,0.514772893548346,0.473664278625709
949,0.0764729920848191,0.537456635426294
950,0.12172617820547,0.648598915281185
951,0.08407758513915,0.44667177606004
952,0.149043325389807,0.410237245584718
953,0.128297432925097,0.457616746768767
954,0.20755228436299,0.598612602943348
955,0.426802115344522,0.408179689480693
956,0.252519611612429,0.614467639335621
957,0.29825091585553,0.660121821230363
958,0.373135439837414,0.71306225457547
959,0.203878106019844,0.615284796304779
960,0.470010650012964,0.774133579713074
961,0.13948620210599,0.484298936935582
962,0.248745040573714,0.534619264744272
963,0.0227569448386658,0.403442669274175
964,0.425947153296211,0.430952568591685
965,0.441156070000588,0.79834981935214
966,0.185074693440554,0.504205114682247
967,0.320008440461319,0.537462426773093
968,0.48979455568874,0.715972161437162
969,0.424330467195215,0.794174041606099
970,0.0798212654153667,0.418671880379006
971,0.399550773147794,0.510877134814785
972,0.080755356146875,0.376362145266777
973,0.111390899146927,0.380895804398503
974,0.292832439667759,0.740254830027514
975,0.22848786952106,0.762054055029546
976,0.260644589628323,0.483917322576155
977,0.274462245207396,0.455899941745747
978,0.0995310110676386,0.601587790976053
979,0.303553971321252,0.594605975206124
980,0.303904865819003,0.461981809818503
981,0.218688389734291,0.65034750905554
982,0.455741842275796,0.615073860781692
983,0.112429044126319,0.336837504093811
984,0.230169694647272,0.709839986156398
985,0.12890853861483,0.686121704684674
986,0.222883649503708,0.530988364262361
987,0.379925374502749,0.590454687443834
988,0.060949821690194,0.556907973816341
989,0.124162924485113,0.578079017650476
990,0.489534085913434,0.738907543345685
991,0.401312989264378,0.604997098693306
992,0.327808942637729,0.698945247910846
993,0.076183473626345,0.37720318638724
994,0.350078647951427,0.587844850590053
995,0.292879782816778,0.517572476750396
996,0.184151032541029,0.632780628573733
997,0.448386308381933,0.568946548211239
998,0.24650357285357,0.474724078957136
999,0.440133056339551,0.570979944202518
1000,0.262491511075937,0.65935691432925
